"9d33fe660683fb1350d8346d13c6f2b48ba75032","sml","2025-01-13 23:29:00 +0900","상세이미지 상대경로로 변경 & 상세이미지 데이터 DB에 저장."
"dd4a302aa3746311cd3ea05f7a2530c1f69b6deb","sml","2025-01-11 01:39:05 +0900","반경 5km 작업중"
"c7da1556ebff80d42b7ac4f152d70c3ea3bdb3c0","sml","2025-01-10 00:23:35 +0900","검색영역 돋보기 버튼 추가 & CSS 정리리"
"2083ba695d5f8af67e387c06c25f7ca053d805d6","sml","2025-01-08 22:47:36 +0900","반응형 CSS 작업중. (폰, 태블릿, PC)"
"225c2348167950d7639edad689ac62104a5c8367","sml","2025-01-05 00:31:08 +0900","게시판영역 CSS 수정정"
"2f320c57d08bd6d14b33adc129869aed47a1c7ea","sml","2025-01-03 23:17:30 +0900","쿼리 수정, 검색 기능 보완, 이미지 추가(9번번)"
"443ab27f12d1b724c6b232aadf173155a082e871","sml","2024-12-26 23:42:49 +0900","이미지추가기능능"
"75154b0078cee0395ff7bc8278460e43c2833fc8","sml","2024-12-23 18:54:48 +0900","블로그 다운로드 기능 추가가"
"32685398796c2746a19c51f8b71d4d27c4cf821d","sml","2024-12-21 15:37:45 +0900","네이버검색api 예제 추가. (검색, 블로그)"
"e6d2a46168e5744ebd7bb7e51997db5259816216","sml","2024-12-21 13:30:50 +0900","썸네일 이미지 로컬 다운로드"
"3d7fbbf735364ffd382bfb2584eedb6babf1eb39","sml","2024-12-20 23:09:12 +0900","정렬기능 제거거"
"d66f33b237dba3b692e62b526d01a56a1b6d738f","sml","2024-12-20 00:59:00 +0900","상세영역 작업중중"
"82d36dffae4a9979f0b62bed25d41f3361097115","sml","2024-12-19 23:16:29 +0900","board 제일 상단 캠핑장 상세영역에서 확인 & 정렬기능 추가가"
"ffb32ba55fa14826cc78fac30e8009e811275cf5","sml","2024-12-17 00:11:02 +0900","레이아웃 작업"
"884893baf243af70f1c3a807e86efad79d51fc4f","sml","2024-12-14 15:12:54 +0900","init & 상단 정렬기능 추가 작업 중"